{
  "best_val_ece": 1.8918650224804878,
  "test": {
    "top1": 76.0699987411499,
    "nll": 0.6808822154998779,
    "ece": 1.374817058444023
  }
}